Find great deals on eBay for dell inspiron 1720 dell inspiron 1720 keyboard Shop with confidence http://t.co/lYt7r8ruOB,0
RT @dellhome: Shop for hot deals on Dell laptops powered by Intel¬Æ Core‚Ñ¢ processors. Buy now! https://t.co/sBvL8bN22I,0
"RT @hxpstx: ‚Äú@_ajs21: ""@diazmyettee: My cinnamon apple, u know u did me wrong.""‚Äù",0
My computer likes to die to much. Hence I really need a new one. Stupid dell. I don't like you. üò´ #firstworldproblems,0
"#Grimm 4x16: clip e promo dell'episodio ""Heartbreaker"" #ILoveCinefilos  http://t.co/7Ji6PZdITs",0
.@Apple is on a mean streak of success - even making shrewd #solar investments http://t.co/aMDU0Fa8Rl,0
I liked a @YouTube video from @RobyLavilleDJ http://t.co/aJz92Zm2Ja Pin Up Makeup -Il collasso globale dell'economia -world,0
RT @EnvyAra: Do you ever sweat so hard because Commedia dell arte and you're wearing a corset and 50 layers of skirt,0
OK did Chappie happen in an alternate timeline where a dell inspiron running Ubuntu can store an entire human connectome,0
Love @dell laptops! http://t.co/jbokupv9n5 http://t.co/z9BPUjIm8Y,0
Check This Deal http://t.co/hZfErJLBpB Dell inspiron 3847 3000 Core i7-4790 16GB 1TB WINDOWS 8 PRO WIFI GAMING DE‚Ä¶ http://t.co/LFRmYXaqre,0
"Hazel dell is so pretty when its nice out
#acoupledayzago http://t.co/kdJN4Y5JBL",0
RT @dellhome: Shop for hot deals on Dell laptops powered by Intel¬Æ Core‚Ñ¢ processors. Buy now! https://t.co/sBvL8bN22I,0
"Oracle Meets Profit Expectations In Its FQ3, Misses With Revenue Of $9.3B Due To Forex¬†Headwinds http://t.co/B5LdUpIEEd",0
"‚ÄúOracle Meets Profit Expectations In Its FQ3, Misses With Revenue Of $9.3B Due To Forex¬†Headwinds http://t.co/YiKfALO6CC‚Äù",0
The $3.2 billion man: Can #Google's star #TFadell outsmart #Apple? http://t.co/yXP3YHRBfR #AustinCarr #BestDesignFC,0
"RT @alvinalvares: Apple Fla, PAGI!!!! (with Aga, Tisa, and 3 others at @studiokopi) [pic] ‚Äî https://t.co/peudbIP58W",0
"Further proof dell computers are getting worse, Baron (2007) is streaming video and Silver (2011) lost Web connection http://t.co/uN2PSF342b",0
Apple on 5th Avenue... http://t.co/DuJJLMy19I,0
#Los Angeles incidente vicino al campus dell‚ÄôUniversity of Southern California 20 feriti ... http://t.co/JI9O1gGjpn,0
@jenniferstolzer that's because dell hasn't existed since 2007 and your second computer is actually a ghost,0
dell dvd rom http://t.co/9JP8NUyssq http://t.co/P79noiIHO2,0
"#Deals #980 http://t.co/qMIjqxiQaS Genuine Dell Vostro 1400 inspiron 1420 nVidia Motherboard TT359 #tips

$59.39
‚Ä¶ http://t.co/vAuaAIugnC",0
I think I follow more river dell people than PC people,0
"I've had three @dell computers, and they have all developed a random noise that can be fixed by tilting the computer in a random direction.",0
"Into the woods
And down the dell,
The path is straight,
I know it well.
Into the woods,
And who can‚Ä¶ https://t.co/DLb6s2RHCW",0
"""@INDONESIA_5SOS: Overloads!!! üòÇ - del http://t.co/Dv28oLSoAS""mangatt dell banyakin infon wohooo!!",0
Tablets Shop #541 : http://t.co/6ll6ChlvEY For Apple iPad Air iPad 5 5th Leather Case Cover w/ Removable Bluetoot‚Ä¶ http://t.co/vNNhxpsbVI,0
"Los Angeles, incidente vicino al campus dell‚ÄôUniversity of Southern California 20 feriti http://t.co/xXgzpdPEkh",0
yeahh dell lol,0
‚Äú@KoryDoe_: yeahh dell lol‚Äùüò¥,0
Apple iPhone 5s - 16GB - Gold (Verizon) Smartphone - Full read by eBay: Price 202.5 USD 57‚Ä¶ http://t.co/xps5UuKkSR,0
"CC GAME 
Simply Addictive and Superb Gameplay 
Enjoy
Now Available on Apple Store 
http://t.co/8VmPTXVHNw
#sportstudio
UOIM",0
Il Bacio dell'Angelo (The Angel's Kiss): Luca use this ability to allay powers of other users of Arcana Cards.,0
"@tonyvarghesee Thank you.Worked at dell as a Quality control Associate.Now working at UST Global, http://t.co/QWom4h8S5J are you doing ?",0
@Mr_BreeeZ haha. Got this one and a dell.,0
On dell its bussing ‚õΩÔ∏è http://t.co/9hogDaCiOa,0
"CC GAME 
Simply Addictive and Superb Gameplay 
Enjoy
Now Available on Apple Store 
http://t.co/8VmPTXVHNw
#sportstudio
KOZV",0
Mom just came &amp; got me from dell house I really hate that bitch &amp; I'm never going back over there again In life,0
"""Yoo in ten minutes our options for food are gunna be taco bell dell taco...."" says the random voice",0
"@DellCares I did try with Re-sellers but in response ""no one dose replacement"". you can direct contact with #dell :( .. very #frustrating",0
"RT @LBDesmond: Gregory Lee and I at Samsung HQ talking growth, innovation and partnership in their state of the art Samsung studio http://t‚Ä¶",0
RT @dtellom: Apple Revenue Streams http://t.co/Q5BVwnav81,0
Dell Alienware M15x Laptop 8GB RAM 256GB HDD Core i3 2.13GHz See Description http://t.co/GZD9CT2skS #alienware,0
"It's faster to type on the of tan the tablet, BTW, do waste your money on a dell tablet, it's cheap but it's forever freezing!",0
"Car+home #charger adapter+usb #cable #accessory bundle for dell venue 8"" pro tabl, LINK:
http://t.co/prp4yMBnZ6 http://t.co/bsnVAqEimz",0
"There is just 1 company at 8 inglewood dell, #southall, sheffield, s20 2pp. http://t.co/faifkHHA96",0
Dell Alienware M15x Laptop 8GB RAM 256GB HDD Core i3 2.13GHz See Description http://t.co/RucKy0jRhZ #alienware #laptop #computer,0
dell inspiron 15 m531r http://t.co/hgwlmf3fMA http://t.co/CrDlsHN9lN,0
The $3.2 billion man: Can #Google's star #TFadell outsmart #Apple? http://t.co/K9WY6wdY7Z #AustinCarr #BestDesignFC,0
RT @blogaffinity: The $3.2 billion man: Can #Google's star #TFadell outsmart #Apple? http://t.co/K9WY6wdY7Z #AustinCarr #BestDesignFC,0
@elboltos and I I'm just gonna get a cunt from dell to drop by the house,0
RT @blogaffinity: The $3.2 billion man: Can #Google's star #TFadell outsmart #Apple? http://t.co/K9WY6wdY7Z #AustinCarr #BestDesignFC,0
I liked a @YouTube video from @RobyLavilleDJ http://t.co/oOKmCZepYN Pin Up Makeup -Il collasso globale dell'economia -world,0
Can Google's $3.2 billion man @tfadell outsmart Apple? http://t.co/GLMRL4UjmG 2014 #BestDesignFC conference: http://t.co/7k8qC80TDD,0
resolution of dell 2407wfp-hc http://t.co/rHsrPIESjG,0
#RT #asus #apple #dell #Search on Amazon http://t.co/33FOJuWI4D #buy #wicher3 #microsoft #discounts,0
@Snoopuh ah dell are pretty expensive to repair last time i remember,0
@elboltos it's under warranty so someone from dell is gonna come fix it,0
Thanks for the canvas Brett! #apple tattoo #spirithousestudios #tattoosbyrandalfalcone #tattoos‚Ä¶ https://t.co/A0RCSWm28b,0
Check out this Big Deal : http://t.co/pImGVFk4n6 NEW Genuine Dell Vostro 1400 inspiron 1420 nVidia Motherboard TT‚Ä¶ http://t.co/kpKyHdcrIZ,0
dell 1908fp resolution http://t.co/W7s7ALBUIF,0
RT @TechnologicFact: iPhone sales account for two thirds of Apple's total revenue.,0
RT @dellhome: Own your new Dell desktop powered by Intel¬Æ Core‚Ñ¢ processors at an amazing price. Buy now! https://t.co/VQiQ4HwLzt,0
dell inspiron 7720 http://t.co/7TqoM2ASlp http://t.co/MTpEcVvgPT,0
@ivanieVibes whos dell?,0
RT @dellhome: See why @LaptopMag says ‚ÄúDell‚Äôs range of computers is among the best.‚Äù http://t.co/3AhGJzzmDo #WeDoIt4You http://t.co/0ST8ekX‚Ä¶,0
RT @orga_mecha: ryan dell,0
2PCS 2300mAh battery+USB Charger For Samsung Galaxy S 3 III i535 T999 L710 i9300 - Full re‚Ä¶ http://t.co/xpsWgR1srn http://t.co/NdxnKw8jNk,0
RT @dtellom: Apple Revenue Streams http://t.co/Q5BVwnav81,0
@DellCares this is not a solution . dell send laptop with out considering my cancellation request and now i am stuck in replace procedure .,0
The $3.2 billion man: Can #Google's star #TFadell outsmart #Apple? http://t.co/IR2NSzseUX #AustinCarr #BestDesignFC,0
RT @AcademiaTRE: I Sassi dell'Adriatico / Mandala drawing on stone by SehnazBac http://t.co/5IaROeZUeX,0
